<?xml version="1.0" encoding="UTF-8"?>
<STEP-ProductInformation ContextID="Context1" WorkspaceID="Main" UseContextLocale="false">
    <Qualifiers>
        <Qualifier ID="en-US">
            <DimensionPointLink DimensionPointID="en-US"></DimensionPointLink>
        </Qualifier>
    </Qualifiers>
    <AttributeGroupList>
        <AttributeGroup ID="ExampleAttributeGroup" ShowInWorkbench="true" ManuallySorted="false" ParentID="Attribute group root">
            <Name QualifierID="en-US">Example Attribute Group</Name>
        </AttributeGroup>
    </AttributeGroupList>
</STEP-ProductInformation>